<eml:eml xmlns:eml="eml://ecoinformatics.org/eml-2.1.1"
         xmlns:dc="http://purl.org/dc/terms/"
         xmlns:xsi="http://www.w3.org/2001/XMLSchema-instance"
         xsi:schemaLocation="eml://ecoinformatics.org/eml-2.1.1 http://rs.gbif.org/schema/eml-gbif-profile/1.1/eml.xsd"
         packageId="http://oefendata.inbo.be/ipt/resource?id=inboveg_niche_vlaanderen/v1.5" system="http://gbif.org" scope="system"
         xml:lang="eng">

<dataset>
  <title xml:lang="eng">InboVeg Niche in Flanders, vegetation relevé</title>
      <creator>
    <individualName>
        <givenName>Els</givenName>
      <surName>De Bie</surName>
    </individualName>
    <organizationName>INBO</organizationName>
    <positionName>Researcher</positionName>
    <address>
        <deliveryPoint>Kliniekstraat</deliveryPoint>
        <city>Brussels</city>
        <administrativeArea>Brussels Capital Region</administrativeArea>
        <postalCode>1070</postalCode>
        <country>BE</country>
    </address>
    <electronicMailAddress>els.debie@inbo.be</electronicMailAddress>
    <onlineUrl>http://data.inbo.be/en/inboveg</onlineUrl>
      </creator>
      <metadataProvider>
    <individualName>
        <givenName>Els</givenName>
      <surName>De Bie</surName>
    </individualName>
    <organizationName>INBO</organizationName>
    <positionName>Researcher</positionName>
    <address>
        <deliveryPoint>Kliniekstraat</deliveryPoint>
        <city>Brussels</city>
        <administrativeArea>Brussels Capital Region</administrativeArea>
        <postalCode>1070</postalCode>
        <country>BE</country>
    </address>
    <electronicMailAddress>els.debie@inbo.be</electronicMailAddress>
    <onlineUrl>http://data.inbo.be/en/inboveg</onlineUrl>
      </metadataProvider>
      <associatedParty>
    <organizationName>Samenwerking Vlaams Water (SVW)</organizationName>
    <address>
        <deliveryPoint>Mechelsesteenweg 64</deliveryPoint>
        <city>Antwerp</city>
        <administrativeArea>Antwerp</administrativeArea>
        <postalCode>1070</postalCode>
        <country>BE</country>
    </address>
    <role></role>
      </associatedParty>
      <associatedParty>
    <organizationName>INBO</organizationName>
    <address>
        <deliveryPoint>Kliniekstraat</deliveryPoint>
        <city>Brussels</city>
        <administrativeArea>Brussels Capital Region</administrativeArea>
        <postalCode>1070</postalCode>
        <country>BE</country>
    </address>
    <role></role>
      </associatedParty>
      <associatedParty>
    <organizationName>Pidpa</organizationName>
    <address>
        <deliveryPoint>Desguinlei 246</deliveryPoint>
        <city>Antwerpen.</city>
        <country>BE</country>
    </address>
    <role></role>
      </associatedParty>
      <associatedParty>
    <organizationName>De Watergroep</organizationName>
    <role></role>
      </associatedParty>
      <associatedParty>
    <organizationName>Flanders Environment Agency (VMM)</organizationName>
    <address>
        <deliveryPoint>Dokter De Moorstraat 24-26</deliveryPoint>
        <city>9300 Aalst</city>
    </address>
    <role></role>
      </associatedParty>
      <associatedParty>
    <organizationName>KiWa</organizationName>
    <address>
        <deliveryPoint>Sir Winston Churchill-laan 273 </deliveryPoint>
        <city>Rijswijk</city>
        <postalCode>2288</postalCode>
        <country>NL</country>
    </address>
    <role></role>
      </associatedParty>
  <pubDate>
      2016-05-11
  </pubDate>
  <language>eng</language>
  <abstract>
    <para>Ground water dependent vegetation relevées in relation to the WATINA ground water network in Flanders, Belgium
The NICHE (Nature Impact Assessment of Changes in Hydro‐Ecological Systems) Flanders project had the goal to develop an hydro-ecologic model, usable for environmental and nature studies in Flanders. The data in this dataset is the vegetation-plot data used in this study (Niche-VL).
Vegetation plot surveys were performed between May and July 2005 near selected Piezometers (INBO-watina project). 
Initially the vegetation surveys were originally recorded in Turboveg (Hennekens, 1998) and were later moved to InboVeg, the INBO vegetation plot database.
The dataset contains 569 vegetation surveys, recorded during the Niche project. Surveys contain vegetation coverage data, vegetation height data, species coverage data and the date of recording. Al the vegetation surveys were classified as vegetation types.</para>
  </abstract>
      <keywordSet>
            <keyword>Samplingevent</keyword>
        <keywordThesaurus>GBIF Dataset Type Vocabulary: http://rs.gbif.org/vocabulary/gbif/dataset_type.xml</keywordThesaurus>
      </keywordSet>
      <keywordSet>
            <keyword>relevées; groundwater dependent vegetation</keyword>
            <keyword>null</keyword>
            <keyword>watina</keyword>
            <keyword>survey</keyword>
        <keywordThesaurus>n/a</keywordThesaurus>
      </keywordSet>
  <additionalInfo>
    <para>To allow anyone to use this dataset, we have released the data to the public domain under a Creative Commons Zero waiver (http://creativecommons.org/publicdomain/zero/1.0/). We would appreciate however, if you read and follow these norms for data use (http://www.inbo.be/en/norms-for-data-use) and provide a link to the original dataset (...) whenever possible. If you use these data for a scientific paper, please cite the dataset following the applicable citation norms and/or consider us for co-authorship. We are always interested to know how you have used or visualized the data, or to provide more information, so please contact us via the contact information provided in the metadata, opendata@inbo.be or https://twitter.com/LifeWatchINBO.</para>
  </additionalInfo>
  <intellectualRights>
    <para>To the extent possible under law, the publisher has waived all rights to these data and has dedicated them to the <ulink url="http://creativecommons.org/publicdomain/zero/1.0/legalcode"><citetitle>Public Domain (CC0 1.0)</citetitle></ulink>. Users may copy, modify, distribute and use the work, including for commercial purposes, without restriction.</para>
  </intellectualRights>
  <distribution scope="document">
    <online>
      <url function="information">http://www.data.inbo.be/inboveg</url>
    </online>
  </distribution>
  <coverage>
      <geographicCoverage>
          <geographicDescription>Flanders, Watina (Water in Nature Reserves) Network
Flanders, Belgium

Flanders has a temperate maritime climate influenced by the North Sea and the Atlantic Ocean, with relatively moderate summers and mild winters. Flanders is the northern part of Belgium. The two main geographical regions of Flanders are the Yser basin, in the North-West and the central plain. 

All the vegetation survey data originates from plots close to the measuring points of the WATINA hydrologic monitoring network in Flanders.</geographicDescription>
        <boundingCoordinates>
          <westBoundingCoordinate>2.54</westBoundingCoordinate>
          <eastBoundingCoordinate>5.92</eastBoundingCoordinate>
          <northBoundingCoordinate>51.51</northBoundingCoordinate>
          <southBoundingCoordinate>50.68</southBoundingCoordinate>
        </boundingCoordinates>
      </geographicCoverage>
          <temporalCoverage>
              <rangeOfDates>
                  <beginDate>
                    <calendarDate>2002-03-01</calendarDate>
                  </beginDate>
                <endDate>
                  <calendarDate>2005-12-30</calendarDate>
                </endDate>
              </rangeOfDates>
          </temporalCoverage>
          <taxonomicCoverage>
              <generalTaxonomicCoverage>For every vegetation plot the tracheophytes and bryophytes were determined.</generalTaxonomicCoverage>
              <taxonomicClassification>
                  <taxonRankName>kingdom</taxonRankName>
                <taxonRankValue>Plantae</taxonRankValue>
              </taxonomicClassification>
              <taxonomicClassification>
                  <taxonRankName>phylum</taxonRankName>
                <taxonRankValue>Tracheophyta</taxonRankValue>
              </taxonomicClassification>
              <taxonomicClassification>
                  <taxonRankName>phylum</taxonRankName>
                <taxonRankValue>Bryophyta</taxonRankValue>
              </taxonomicClassification>
          </taxonomicCoverage>
  </coverage>
  <purpose>
    <para>The goal of &quot;Niche Vlaanderen&quot; is to adapt the Dutch &quot;management models of active watermonitoring&quot; for Flanders. The &quot;Niche Vlaanderen&quot; tool will then be used to evaluate the effects of interventions in water management, development of visions valley development etc. This dataset only contain the vegetation plot data.</para>
  </purpose>
  <maintenance>
    <description>
      <para></para>
    </description>
    <maintenanceUpdateFrequency>notPlanned</maintenanceUpdateFrequency>
  </maintenance>

      <contact>
    <individualName>
        <givenName>Els</givenName>
      <surName>De Bie</surName>
    </individualName>
    <organizationName>INBO</organizationName>
    <positionName>Researcher</positionName>
    <address>
        <deliveryPoint>Kliniekstraat</deliveryPoint>
        <city>Brussels</city>
        <administrativeArea>Brussels Capital Region</administrativeArea>
        <postalCode>1070</postalCode>
        <country>BE</country>
    </address>
    <electronicMailAddress>els.debie@inbo.be</electronicMailAddress>
    <onlineUrl>http://data.inbo.be/en/inboveg</onlineUrl>
      </contact>
  <methods>
        <methodStep>
          <description>
            <para>Londo scale
Low coverage		High coverage	 
Code	coverage	Code	coverage
*.1	1%	1-	5-10%
*.2	2-3%	1+	10-15%
*.4	4-5%	2	15-25%
combination with:		3	25-35%
r.	some occurrences (1 or 2)	4	35-45%
p.	little occurrences (about 10)	5	45-55%
a.	many occurrences (about 100)	6	55-65%
m.	a lot occurrences (about 1000)	7	65-75%
8	75-85%
9	85-95%
10	95-100%</para>
          </description>
        </methodStep>
      <sampling>
        <studyExtent>
          <description>
            <para>InboVeg Niche Vlaanderen
Vegetation plot surveys were performed between May and July 2002 near selected Piezometers (INBO-watina project). Coördinates were registered with a GPS. 
</para>
          </description>
        </studyExtent>
        <samplingDescription>
          <para>Sampling Methods
Vegetation surveys

Vegetation, neighbouring each WATINA Piezometer is described using a nearby vegetation plot. In forests the plot measures 10X10m² in open vegetations this plot measures 3X3 m². The Piezometer usually is one of the corners of the plot.
A orientated location sketch was created for every survey, to make repeatability possible.
For every plot, all occurring species were determined and for every vertical layer (Trees, Shrubs, Herbs and Mosses) the coverage was measured (Londo scale).
Londo scale
Low coverage		High coverage	 
Code	coverage	Code	coverage
*.1	1%	1-	5-10%
*.2	2-3%	1+	10-15%
*.4	4-5%	2	15-25%
combination with:		3	25-35%
r.	some occurrences (1 or 2)	4	35-45%
p.	little occurrences (about 10)	5	45-55%
a.	many occurrences (about 100)	6	55-65%
m.	a lot occurrences (about 1000)	7	65-75%
8	75-85%
9	85-95%
10	95-100%</para>
        </samplingDescription>
      </sampling>
      <qualityControl>
        <description>
          <para>Records are validated</para>
        </description>
      </qualityControl>
  </methods>
  <project >
    <title>NICHE (Nature Impact Assessment of Changes in Hydro‐Ecological Systems) Flanders </title>
      <personnel>
        <individualName>
            <givenName>Els</givenName>
          <surName>De Bie</surName>
        </individualName>
        <role>author</role>
      </personnel>
      <abstract>
        <para>The NICHE Flanders project had the goal to develop an hydro-ecologic model, usable for environmental and nature studies in Flanders. The Niche Flaners model is based on the Dutch hydro-ecologic Niche model.
</para>
      </abstract>
      <funding>
        <para>Funded by the Flemish government and Pidpa, VMM &amp; SVW
</para>
      </funding>
      <studyAreaDescription>
        <descriptor name="generic"
                    citableClassificationSystem="false">
          <descriptorValue>Based on the Watina databse (Water in Nature Reserves) a selection of Flemisch nature reserves was made for Niche Flanders. The conditions for this selection were: hydrologic data must be available for minimum 1 year (more is better) and no significant disturbance occurred between the hydrological data collection and the vegetation survey. Under &apos;disturbances&apos; we understand &apos;indications&apos; on the terrain pointing to a possible unbalance of the vegetation with the abiotic environment. Possible due to drainage, ground works, rewetting or other wanted or unwanted actions. 

For the selected areas, missing data relevant to the bottom and vegetation was, if possible, acquired from literature, other projects or extra field recordings. 
   
</descriptorValue>
        </descriptor>
      </studyAreaDescription>
      <designDescription>
        <description>
          <para>The goal of &quot;Niche Vlaanderen&quot; is to adapt the Dutch &quot;management models of active watermonitoring&quot; for Flanders. The &quot;Niche Vlaanderen&quot; tool will then be used to evaluate the effects of interventions in water management, development of visions valley development etc.</para>
        </description>
      </designDescription>
  </project>
</dataset>
  <additionalMetadata>
    <metadata>
      <gbif>
          <dateStamp>2016-02-17T09:43:23.175+01:00</dateStamp>
          <hierarchyLevel>dataset</hierarchyLevel>
            <citation>De Bie E (2016): InboVeg Niche in Flanders, vegetation relevé. v1.5. Test Organisation #1. Dataset/Samplingevent. http://oefendata.inbo.be/ipt/resource?r=inboveg_niche_vlaanderen&amp;v=1.5</citation>
          <dc:replaces>http://oefendata.inbo.be/ipt/resource?id=inboveg_niche_vlaanderen/v1.5.xml</dc:replaces>
      </gbif>
    </metadata>
  </additionalMetadata>
</eml:eml>
