<eml:eml xmlns:eml="eml://ecoinformatics.org/eml-2.1.1"
         xmlns:dc="http://purl.org/dc/terms/"
         xmlns:xsi="http://www.w3.org/2001/XMLSchema-instance"
         xsi:schemaLocation="eml://ecoinformatics.org/eml-2.1.1 http://rs.gbif.org/schema/eml-gbif-profile/1.1/eml.xsd"
         packageId="http://oefendata.inbo.be/ipt/resource?id=inboveg_niche_vlaanderen/v1.8" system="http://gbif.org" scope="system"
         xml:lang="eng">

<dataset>
  <title xml:lang="eng">InboVeg - NICHE-Vlaanderen groundwater related vegetation relevés for Flanders, Belgium</title>
      <creator>
    <individualName>
        <givenName>Els</givenName>
      <surName>De Bie</surName>
    </individualName>
    <organizationName>INBO</organizationName>
    <positionName>Researcher</positionName>
    <address>
        <deliveryPoint>Kliniekstraat</deliveryPoint>
        <city>Brussels</city>
        <administrativeArea>Brussels Capital Region</administrativeArea>
        <postalCode>1070</postalCode>
        <country>BE</country>
    </address>
    <electronicMailAddress>els.debie@inbo.be</electronicMailAddress>
    <onlineUrl>http://data.inbo.be/en/inboveg</onlineUrl>
      </creator>
      <metadataProvider>
    <individualName>
        <givenName>Els</givenName>
      <surName>De Bie</surName>
    </individualName>
    <organizationName>INBO</organizationName>
    <positionName>Researcher</positionName>
    <address>
        <deliveryPoint>Kliniekstraat</deliveryPoint>
        <city>Brussels</city>
        <administrativeArea>Brussels Capital Region</administrativeArea>
        <postalCode>1070</postalCode>
        <country>BE</country>
    </address>
    <electronicMailAddress>els.debie@inbo.be</electronicMailAddress>
    <onlineUrl>http://data.inbo.be/en/inboveg</onlineUrl>
      </metadataProvider>
      <associatedParty>
    <organizationName>Samenwerking Vlaams Water (SVW)</organizationName>
    <address>
        <deliveryPoint>Mechelsesteenweg 64</deliveryPoint>
        <city>Antwerp</city>
        <administrativeArea>Antwerp</administrativeArea>
        <postalCode>1070</postalCode>
        <country>BE</country>
    </address>
    <role></role>
      </associatedParty>
      <associatedParty>
    <organizationName>INBO</organizationName>
    <address>
        <deliveryPoint>Kliniekstraat</deliveryPoint>
        <city>Brussels</city>
        <administrativeArea>Brussels Capital Region</administrativeArea>
        <postalCode>1070</postalCode>
        <country>BE</country>
    </address>
    <role></role>
      </associatedParty>
      <associatedParty>
    <organizationName>Pidpa</organizationName>
    <address>
        <deliveryPoint>Desguinlei 246</deliveryPoint>
        <city>Antwerpen.</city>
        <country>BE</country>
    </address>
    <role></role>
      </associatedParty>
      <associatedParty>
    <organizationName>De Watergroep</organizationName>
    <role></role>
      </associatedParty>
      <associatedParty>
    <organizationName>Flanders Environment Agency (VMM)</organizationName>
    <address>
        <deliveryPoint>Dokter De Moorstraat 24-26</deliveryPoint>
        <city>9300 Aalst</city>
    </address>
    <role></role>
      </associatedParty>
      <associatedParty>
    <organizationName>KiWa</organizationName>
    <address>
        <deliveryPoint>Sir Winston Churchill-laan 273</deliveryPoint>
        <city>Rijswijk</city>
        <postalCode>2288</postalCode>
        <country>NL</country>
    </address>
    <role></role>
      </associatedParty>
  <pubDate>
      2016-06-09
  </pubDate>
  <language>eng</language>
  <abstract>
    <para>The NICHE-Vlaanderen project had the goal to develop an hydro-ecological prediction model, used in ecological impact assessment studies. 
The data in this dataset is part of the vegetation-plot data used to feed the model and contains groundwater depending terrestrial vegetation relevées in relation to groundwater levels. Vegetation plot relevés were performed near selected piezometers (WATINA database, groundwater network Flanders) between May and August in 2002, 2004 and 2005. 
Initially the vegetation surveys were recorded in Turboveg (Hennekens, 1998) and later on moved to INBOVEG, the INBO vegetation plot database.
The dataset contains 569 vegetation relevées, recorded during the fieldwork of the NICHE-Vlaanderen project. Relevées contain species coverage data, coverage data for layers, vegetation height and the date of recording. All the vegetation relevées were classified as vegetation types.</para>
  </abstract>
      <keywordSet>
            <keyword>Samplingevent</keyword>
        <keywordThesaurus>GBIF Dataset Type Vocabulary: http://rs.gbif.org/vocabulary/gbif/dataset_type.xml</keywordThesaurus>
      </keywordSet>
      <keywordSet>
            <keyword>relevés; groundwater dependent vegetation</keyword>
            <keyword>WATINA</keyword>
            <keyword>terrestrial survey</keyword>
        <keywordThesaurus>n/a</keywordThesaurus>
      </keywordSet>
  <additionalInfo>
    <para>To allow anyone to use this dataset, we have released the data to the public domain under a Creative Commons Zero waiver (http://creativecommons.org/publicdomain/zero/1.0/). We would appreciate however, if you read and follow these norms for data use (http://www.inbo.be/en/norms-for-data-use) and provide a link to the original dataset (...) whenever possible. If you use these data for a scientific paper, please cite the dataset following the applicable citation norms and/or consider us for co-authorship. We are always interested to know how you have used or visualized the data, or to provide more information, so please contact us via the contact information provided in the metadata, opendata@inbo.be or https://twitter.com/LifeWatchINBO.</para>
  </additionalInfo>
  <intellectualRights>
    <para>To the extent possible under law, the publisher has waived all rights to these data and has dedicated them to the <ulink url="http://creativecommons.org/publicdomain/zero/1.0/legalcode"><citetitle>Public Domain (CC0 1.0)</citetitle></ulink>. Users may copy, modify, distribute and use the work, including for commercial purposes, without restriction.</para>
  </intellectualRights>
  <distribution scope="document">
    <online>
      <url function="information">http://www.data.inbo.be/inboveg</url>
    </online>
  </distribution>
  <coverage>
      <geographicCoverage>
          <geographicDescription>Flanders, Watina (Water in Nature Reserves) Network
Flanders, Belgium

Flanders has a temperate maritime climate influenced by the North Sea and the Atlantic Ocean, with relatively moderate summers and mild winters. Flanders is the northern part of Belgium. The two main geographical regions of Flanders are the Yser basin, in the North-West and the central plain. 

All the vegetation survey data originates from plots close to the measuring points of the WATINA hydrologic monitoring network in Flanders.</geographicDescription>
        <boundingCoordinates>
          <westBoundingCoordinate>2.54</westBoundingCoordinate>
          <eastBoundingCoordinate>5.92</eastBoundingCoordinate>
          <northBoundingCoordinate>51.51</northBoundingCoordinate>
          <southBoundingCoordinate>50.68</southBoundingCoordinate>
        </boundingCoordinates>
      </geographicCoverage>
          <temporalCoverage>
              <rangeOfDates>
                  <beginDate>
                    <calendarDate>2002-03-01</calendarDate>
                  </beginDate>
                <endDate>
                  <calendarDate>2005-12-30</calendarDate>
                </endDate>
              </rangeOfDates>
          </temporalCoverage>
          <taxonomicCoverage>
              <generalTaxonomicCoverage>For every vegetation plot the tracheophytes and bryophytes were determined.</generalTaxonomicCoverage>
              <taxonomicClassification>
                  <taxonRankName>kingdom</taxonRankName>
                <taxonRankValue>Plantae</taxonRankValue>
              </taxonomicClassification>
              <taxonomicClassification>
                  <taxonRankName>phylum</taxonRankName>
                <taxonRankValue>Tracheophyta</taxonRankValue>
              </taxonomicClassification>
              <taxonomicClassification>
                  <taxonRankName>phylum</taxonRankName>
                <taxonRankValue>Bryophyta</taxonRankValue>
              </taxonomicClassification>
          </taxonomicCoverage>
  </coverage>
  <purpose>
    <para>The goal of &quot;NICHE-Vlaanderen&quot; is to adapt the Dutch hydro-ecological prediction model “NICHE (Nature Impact Assessment of Changes in Hydro‐Ecological Systems)&quot; for Flanders. The &quot;NICHE-Vlaanderen&quot; tool will be used to predict the effects on vegetation due to changes in hydrological conditions. This dataset only contains the vegetation plot data collected during the time of the project (2002 – 2006). The complete NICHE-Vlaanderen set also contains data of literature.</para>
  </purpose>
  <maintenance>
    <description>
      <para></para>
    </description>
    <maintenanceUpdateFrequency>notPlanned</maintenanceUpdateFrequency>
  </maintenance>

      <contact>
    <individualName>
        <givenName>Els</givenName>
      <surName>De Bie</surName>
    </individualName>
    <organizationName>INBO</organizationName>
    <positionName>Researcher</positionName>
    <address>
        <deliveryPoint>Kliniekstraat</deliveryPoint>
        <city>Brussels</city>
        <administrativeArea>Brussels Capital Region</administrativeArea>
        <postalCode>1070</postalCode>
        <country>BE</country>
    </address>
    <electronicMailAddress>els.debie@inbo.be</electronicMailAddress>
    <onlineUrl>http://data.inbo.be/en/inboveg</onlineUrl>
      </contact>
  <methods>
        <methodStep>
          <description>
            <para>Vegetation relevé data is recorded in the InboVeg database. This data was mapped to Darwin Core by creating a specific view. We mapped the data to Darwin core event, Darwin Core occurrence extension and Darwin Core Measurements or Facts for the specific Relevé data. 
In our sandbox ipt the releve data is also mapped to Darwin Core GBIF releve. This data is only available on http://oefendata.inbo.be/ipt/resource?r=inboveg_niche_vlaanderen</para>
          </description>
        </methodStep>
      <sampling>
        <studyExtent>
          <description>
            <para>InboVeg Niche Vlaanderen
Vegetation plot surveys were performed between May and July 2002 near selected Piezometers (INBO-watina project). Coördinates were registered with a GPS.</para>
          </description>
        </studyExtent>
        <samplingDescription>
          <para>Sampling Methods
Vegetation surveys

Vegetation, neighbouring each WATINA Piezometer is described using a nearby vegetation plot. In forests the plot measures 10X10m² in open vegetations this plot measures 3X3 m². The Piezometer usually is one of the corners of the plot.
A orientated location sketch was created for every survey, to make repeatability possible.
For every plot, all occurring species were determined and for every vertical layer (Trees, Shrubs, Herbs and Mosses) the coverage was measured (Londo scale).
Londo scale
Low coverage		High coverage	 
Code	coverage	Code	coverage
*.1	1%	1-	5-10%
*.2	2-3%	1+	10-15%
*.4	4-5%	2	15-25%
combination with:		3	25-35%
r.	some occurrences (1 or 2)	4	35-45%
p.	little occurrences (about 10)	5	45-55%
a.	many occurrences (about 100)	6	55-65%
m.	a lot occurrences (about 1000)	7	65-75%
8	75-85%
9	85-95%
10	95-100%</para>
        </samplingDescription>
      </sampling>
      <qualityControl>
        <description>
          <para>Records are validated</para>
        </description>
      </qualityControl>
  </methods>
  <project >
    <title>NICHE - Vlaanderen</title>
      <personnel>
        <individualName>
            <givenName>Els</givenName>
          <surName>De Bie</surName>
        </individualName>
        <role>author</role>
      </personnel>
      <abstract>
        <para>The NICHE Flanders project had the goal to develop an hydro-ecologic model, usable for environmental and nature studies in Flanders. The Niche Flaners model is based on the Dutch hydro-ecologic Niche model.</para>
      </abstract>
      <funding>
        <para>Funded by the Flemish government, SVW and Pidpa.</para>
      </funding>
      <studyAreaDescription>
        <descriptor name="generic"
                    citableClassificationSystem="false">
          <descriptorValue>Based on the WATINA database (Water in Nature Reserves) a selection of locations in Flemisch nature reserves was made for NICHE-Vlaanderen. The selection criteria were: hydrologic data must be available for minimum 1 year (more is better) and no significant disturbance occurred between the hydrological data collection and the vegetation survey. ‘Disturbances&apos; are indications for a possible unbalance between vegetation occurrence and the abiotic environment, due to for example drainage, ground works, water supply, etc.</descriptorValue>
        </descriptor>
      </studyAreaDescription>
      <designDescription>
        <description>
          <para>The goal of &quot;Niche Vlaanderen&quot; is to adapt the Dutch &quot;hydro-ecological model NICHE (Nature Impact Assessment of Changes in Hydro‐Ecological Systems)&quot; for Flanders. The &quot;Niche Vlaanderen&quot; tool will be used to evaluate the effects of interventions in water management such as river restoration, ground water collection, etc.</para>
        </description>
      </designDescription>
  </project>
</dataset>
  <additionalMetadata>
    <metadata>
      <gbif>
          <dateStamp>2016-02-17T09:43:23.175+01:00</dateStamp>
          <hierarchyLevel>dataset</hierarchyLevel>
            <citation>De Bie E (2016): InboVeg - NICHE-Vlaanderen groundwater related vegetation relevés for Flanders, Belgium. v1.8. Test Organisation #1. Dataset/Samplingevent. http://oefendata.inbo.be/ipt/resource?r=inboveg_niche_vlaanderen&amp;v=1.8</citation>
          <dc:replaces>http://oefendata.inbo.be/ipt/resource?id=inboveg_niche_vlaanderen/v1.8.xml</dc:replaces>
      </gbif>
    </metadata>
  </additionalMetadata>
</eml:eml>
