<archive xmlns="http://rs.tdwg.org/dwc/text/" metadata="eml.xml">
  <core encoding="UTF-8" fieldsTerminatedBy="\t" linesTerminatedBy="\n" fieldsEnclosedBy="" ignoreHeaderLines="1" rowType="http://rs.tdwg.org/dwc/terms/Event">
    <files>
      <location>event.txt</location>
    </files>
    <id index="0" />
    <field index="1" term="http://purl.org/dc/terms/type"/>
    <field index="2" term="http://purl.org/dc/terms/language"/>
    <field index="3" term="http://purl.org/dc/terms/license"/>
    <field index="4" term="http://purl.org/dc/terms/rightsHolder"/>
    <field index="5" term="http://purl.org/dc/terms/accessRights"/>
    <field index="6" term="http://rs.tdwg.org/dwc/terms/datasetID"/>
    <field index="7" term="http://rs.tdwg.org/dwc/terms/datasetName"/>
    <field index="8" term="http://rs.tdwg.org/dwc/terms/ownerInstitutionCode"/>
    <field index="9" term="http://rs.tdwg.org/dwc/terms/eventID"/>
    <field index="10" term="http://rs.tdwg.org/dwc/terms/samplingProtocol"/>
    <field index="11" term="http://rs.tdwg.org/dwc/terms/sampleSizeValue"/>
    <field index="12" term="http://rs.tdwg.org/dwc/terms/sampleSizeUnit"/>
    <field index="13" term="http://rs.tdwg.org/dwc/terms/eventDate"/>
    <field index="14" term="http://rs.tdwg.org/dwc/terms/verbatimEventDate"/>
    <field index="15" term="http://rs.tdwg.org/dwc/terms/locationID"/>
    <field index="16" term="http://rs.tdwg.org/dwc/terms/continent"/>
    <field index="17" term="http://rs.tdwg.org/dwc/terms/countryCode"/>
    <field index="18" term="http://rs.tdwg.org/dwc/terms/stateProvince"/>
    <field index="19" term="http://rs.tdwg.org/dwc/terms/county"/>
    <field index="20" term="http://rs.tdwg.org/dwc/terms/municipality"/>
    <field index="21" term="http://rs.tdwg.org/dwc/terms/verbatimLocality"/>
    <field index="22" term="http://rs.tdwg.org/dwc/terms/locationAccordingTo"/>
    <field index="23" term="http://rs.tdwg.org/dwc/terms/verbatimLatitude"/>
    <field index="24" term="http://rs.tdwg.org/dwc/terms/verbatimLongitude"/>
    <field index="25" term="http://rs.tdwg.org/dwc/terms/verbatimCoordinateSystem"/>
    <field index="26" term="http://rs.tdwg.org/dwc/terms/verbatimSRS"/>
    <field index="27" term="http://rs.tdwg.org/dwc/terms/decimalLatitude"/>
    <field index="28" term="http://rs.tdwg.org/dwc/terms/decimalLongitude"/>
    <field index="29" term="http://rs.tdwg.org/dwc/terms/geodeticDatum"/>
    <field index="30" term="http://rs.tdwg.org/dwc/terms/coordinateUncertaintyInMeters"/>
  </core>
  <extension encoding="UTF-8" fieldsTerminatedBy="\t" linesTerminatedBy="\n" fieldsEnclosedBy="" ignoreHeaderLines="1" rowType="http://rs.gbif.org/terms/1.0/Releve">
    <files>
      <location>releve.txt</location>
    </files>
    <coreid index="0" />
    <field term="http://rs.gbif.org/terms/1.0/Reference"/>
    <field index="1" term="http://rs.gbif.org/terms/1.0/coverScale"/>
    <field index="2" term="http://rs.gbif.org/terms/1.0/project"/>
    <field index="3" term="http://rs.gbif.org/terms/1.0/coverTotalInPercentage"/>
    <field index="4" term="http://rs.gbif.org/terms/1.0/coverTreesInPercentage"/>
    <field index="5" term="http://rs.gbif.org/terms/1.0/coverShrubsInPercentage"/>
    <field index="6" term="http://rs.gbif.org/terms/1.0/coverHerbsInPercentage"/>
    <field index="7" term="http://rs.gbif.org/terms/1.0/coverMossesInPercentage"/>
    <field index="8" term="http://rs.gbif.org/terms/1.0/treeLayerHeightInMeters"/>
    <field index="9" term="http://rs.gbif.org/terms/1.0/shrubLayerHeightInMeters"/>
    <field index="10" term="http://rs.gbif.org/terms/1.0/herbLayerHeightInCentimeters"/>
    <field index="11" term="http://rs.gbif.org/terms/1.0/mossesIdentified"/>
  </extension>
  <extension encoding="UTF-8" fieldsTerminatedBy="\t" linesTerminatedBy="\n" fieldsEnclosedBy="" ignoreHeaderLines="1" rowType="http://rs.tdwg.org/dwc/terms/MeasurementOrFact">
    <files>
      <location>measurementorfact.txt</location>
    </files>
    <coreid index="0" />
    <field index="1" term="http://rs.tdwg.org/dwc/terms/measurementID"/>
    <field index="2" term="http://rs.tdwg.org/dwc/terms/measurementType"/>
    <field index="3" term="http://rs.tdwg.org/dwc/terms/measurementValue"/>
    <field index="4" term="http://rs.tdwg.org/dwc/terms/measurementUnit"/>
    <field index="5" term="http://rs.tdwg.org/dwc/terms/measurementMethod"/>
    <field index="6" term="http://rs.tdwg.org/dwc/terms/measurementRemarks"/>
  </extension>
  <extension encoding="UTF-8" fieldsTerminatedBy="\t" linesTerminatedBy="\n" fieldsEnclosedBy="" ignoreHeaderLines="1" rowType="http://rs.tdwg.org/dwc/terms/Occurrence">
    <files>
      <location>occurrence.txt</location>
    </files>
    <coreid index="0" />
    <field index="1" term="http://rs.tdwg.org/dwc/terms/basisOfRecord"/>
    <field index="2" term="http://rs.tdwg.org/dwc/terms/occurrenceID"/>
    <field index="3" term="http://rs.tdwg.org/dwc/terms/recordedBy"/>
    <field index="4" term="http://rs.tdwg.org/dwc/terms/organismQuantity"/>
    <field index="5" term="http://rs.tdwg.org/dwc/terms/organismQuantityType"/>
    <field index="6" term="http://rs.tdwg.org/dwc/terms/occurrenceStatus"/>
    <field index="7" term="http://rs.tdwg.org/dwc/terms/eventID"/>
    <field index="8" term="http://rs.tdwg.org/dwc/terms/identifiedBy"/>
    <field index="9" term="http://rs.tdwg.org/dwc/terms/taxonID"/>
    <field index="10" term="http://rs.tdwg.org/dwc/terms/scientificName"/>
    <field index="11" term="http://rs.tdwg.org/dwc/terms/kingdom"/>
    <field index="12" term="http://rs.tdwg.org/dwc/terms/taxonRank"/>
    <field index="13" term="http://rs.tdwg.org/dwc/terms/verbatimTaxonRank"/>
    <field index="14" term="http://rs.tdwg.org/dwc/terms/scientificNameAuthorship"/>
  </extension>
</archive>
